<?xml version="1.0" encoding="UTF-8"?>
<!DOCTYPE log4j:configuration SYSTEM "log4j.dtd">

<log4j:configuration xmlns:log4j="http://jakarta.apache.org/log4j/">

	<appender name="default" class="org.apache.log4j.DailyRollingFileAppender">
		<param name="File" value="../log/cz.ifdatahouse.log" />
		<param name="append" value="true" />
		<param name="datePattern" value="'.'yyyy-MM-dd" />
		<layout class="org.apache.log4j.PatternLayout">
			<param name="ConversionPattern" value="[%p] %d{dd MMM hh:mm:ss.SSS aa} %t [%c]%n%m%n%n" />
		</layout>
	</appender>
	
	<appender name="org.cz.ifdatahouse.log" class="org.apache.log4j.DailyRollingFileAppender">
		<param name="File" value="../log/cz.ifdatahouse.log" />
		<param name="append" value="true" />
		<param name="datePattern" value="'.'yyyy-MM-dd" />
		<layout class="org.apache.log4j.PatternLayout">
			<param name="ConversionPattern" value="[%p] %d{dd MMM hh:mm:ss.SSS aa} %t [%c]%n%m%n%n" />
		</layout>
	</appender>

	<appender name="org.quartz.log" class="org.apache.log4j.DailyRollingFileAppender">
		<param name="File" value="../log/quartz-log.log" />
		<param name="append" value="true" />
		<param name="datePattern" value="'.'yyyy-MM-dd" />
		<layout class="org.apache.log4j.PatternLayout">
			<param name="ConversionPattern" value="[%p] %d{dd MMM hh:mm:ss.SSS aa} %t [%c]%n%m%n%n" />
		</layout>
	</appender>

	<logger name="org.quartz">
		<level value="info" />
		<appender-ref ref="org.quartz.log" />
	</logger>

	<logger name="org.cz">
		<level value="info" />
		<appender-ref ref="org.cz.ifdatahouse.log" />
	</logger>

	<root>
		<level value="info" />
		<appender-ref ref="default" />
	</root>


</log4j:configuration>
