Harness;LeoniPN
C-RBA;91G907101
C-RBA;91G907201
C-RBA;91G907301
C-RBA;91G907401
C-RBA;91G906701
C-RBA;91G906801
C-RBA;91G906901
C-RBA;91G907001
C-MRA;91G907801
C-MRA;91G907901
C-MRA;91G908001
C-MRA;91G905703
C-MRA;91G905803
C-MRA;91G905903
C-COC;91G907501
C-COC;91G907601
C-COC;91G907701
C-COC;91G906401
C-COC;91G906501
C-COC;91G906601
Minor;91G008301
Minor;91G008401
Minor;91G011302
Minor;91G006801
Minor;91G006901
Minor;91G007001
Minor;91G013501
Minor;91G013701
Minor;91G013601
Minor;91G019201
Minor;91G019001
Minor;91G019101
Minor;91G015001
Minor;91G004902
Minor;91G007601
Minor;91G013802
Minor;91G007302
Minor;91G011405
Minor;91G008605
Minor;91G020402
Minor;91G020501
